"Previewed Item Description","Date Created","Item Reference Number"
"Eve - Let Me Blow Ya Mind",2015-03-01T00:13:59.477Z,362760
"Pitbull & Ne-Yo - Time of Our Lives",2015-03-01T19:22:02.931Z,933984166
"Tony! Toni! Ton√©! - Feels Good",2015-10-15T22:19:08.705Z,83727
"Foreigner - Head Games",2015-10-22T01:19:39.779Z,321973995
"J. Cole - No Role Modelz",2015-12-28T18:49:39.275Z,940850105
"Pete Rock & C.L. Smooth - They Reminisce Over You (T.R.O.Y.)",2016-01-30T20:36:02.766Z,217509668
"Sam Cooke - Chain Gang",2016-11-05T21:46:25.166Z,299550146
"Future - Used to This (feat. Drake)",2016-11-18T22:46:46.547Z,1172512610
"Dizzee Rascal - The Other Side",2018-09-03T14:35:22.594Z,1246959089
